112.83333333333333,129.13333333333333,10.7,0.0,0.0,2.0,0.0,0.0,0.0,0.0,0.0,0.0,0.0,0.0,0.0,0.0,0.0,0.0
282.26666666666665,9.866666666666667,0.3333333333333333,0.0,15.4,0.0,0.0,0.0,0.0,0.0,0.0,0.0,0.0,0.0,0.0,0.0,0.0,0.0
281.8,13.766666666666667,0.0,0.0,16.2,0.0,0.0,0.0,0.0,0.0,0.0,0.0,0.0,0.0,0.0,0.0,0.0,0.0
85.6,226.16666666666666,0.0,0.0,5.866666666666666,0.0,0.0,0.0,0.0,0.0,0.0,0.0,0.0,0.0,0.0,0.0,0.0,0.0
10.6,372.4,0.0,0.0,4.3,0.0,0.0,0.0,0.0,0.0,0.0,0.0,0.0,0.0,0.0,0.0,0.0,0.0
7.233333333333333,306.8666666666667,0.0,0.0,8.933333333333334,0.0,0.0,0.0,0.0,0.0,0.0,0.0,0.0,0.0,0.0,0.0,0.0,0.0
11.9,342.4,0.0,0.16666666666666666,21.3,0.0,0.0,0.0,0.0,0.0,0.0,0.0,0.0,0.0,0.0,0.0,0.0,0.0
56.8,209.9,0.0,10.8,31.733333333333334,0.0,0.0,0.0,0.0,0.0,0.0,0.0,0.0,0.0,0.0,0.0,0.0,0.0
152.2,116.53333333333333,0.0,62.733333333333334,12.7,0.0,0.0,0.0,0.0,0.0,0.0,0.0,0.0,0.0,0.0,0.0,0.0,0.0
148.96666666666667,38.7,0.0,136.46666666666667,3.4,0.0,0.0,0.0,0.0,0.0,0.0,0.0,0.0,0.0,0.0,0.0,0.0,0.0
233.13333333333333,37.766666666666666,0.0,29.066666666666666,12.733333333333333,0.0,0.0,0.0,0.0,0.0,0.0,0.0,0.0,0.0,0.0,0.0,0.0,0.0
67.9,204.86666666666667,0.0,48.2,4.8,0.0,0.0,0.0,0.0,0.0,0.0,0.0,0.0,0.0,0.0,0.0,0.0,0.0
114.16666666666667,164.26666666666668,0.0,48.93333333333333,15.1,0.0,0.0,0.0,0.0,0.0,0.0,0.0,0.0,0.0,0.0,0.0,0.0,0.0
23.6,229.66666666666666,0.0,80.53333333333333,21.166666666666668,0.0,0.0,0.0,0.0,0.0,0.0,0.0,0.0,0.0,0.0,0.0,0.0,0.0
11.8,272.06666666666666,0.0,34.8,38.166666666666664,0.0,0.0,0.0,0.0,0.0,0.0,0.0,0.0,0.0,0.0,0.0,0.0,0.0
43.766666666666666,250.3,0.0,2.433333333333333,30.233333333333334,0.0,0.0,0.0,0.0,0.0,0.0,0.0,0.0,0.0,0.0,0.0,0.0,0.0
122.2,146.86666666666667,0.0,1.4333333333333333,57.1,0.0,0.0,0.0,0.0,0.0,0.0,0.0,0.0,0.0,0.0,0.0,0.0,0.0
66.8,60.666666666666664,0.0,0.0,239.36666666666667,0.0,0.0,0.0,0.0,0.0,0.0,0.0,0.0,0.0,0.0,0.0,0.0,0.0
0.2,191.4,0.0,0.0,116.4,0.0,0.0,0.0,0.0,0.0,0.0,0.0,0.0,0.0,0.0,0.0,0.0,0.0
208.26666666666668,2.1666666666666665,0.0,0.0,155.3,0.0,0.0,0.0,0.0,0.0,0.0,0.0,0.0,0.0,0.0,0.0,0.0,0.0
201.3,14.166666666666666,0.0,0.0,136.53333333333333,0.0,0.0,0.0,0.0,0.0,0.0,0.0,0.0,0.0,0.0,0.0,0.0,0.0
63.6,71.53333333333333,0.0,0.0,176.9,0.0,0.0,0.0,0.0,0.0,0.0,0.0,0.0,0.0,0.0,0.0,0.0,0.0
279.46666666666664,0.5666666666666667,0.0,0.0,50.8,0.0,0.0,0.0,0.0,0.0,0.0,0.0,0.0,0.0,0.0,0.0,0.0,0.0
142.83333333333334,129.26666666666668,0.0,4.033333333333333,3.1666666666666665,0.0,0.0,0.0,0.0,0.0,0.0,0.0,0.0,0.0,0.0,0.0,0.0,0.0
44.93333333333333,217.86666666666667,0.0,110.5,0.3333333333333333,0.0,0.0,0.0,0.0,0.0,0.0,0.0,0.0,0.0,0.0,0.0,0.0,0.0
17.766666666666666,267.3,0.0,60.2,3.3,0.0,0.0,0.0,0.0,0.0,0.0,0.0,0.0,0.0,0.0,0.0,0.0,0.0
120.56666666666666,103.46666666666667,0.0,120.1,3.966666666666667,0.0,0.0,0.0,0.0,0.0,0.0,0.0,0.0,0.0,0.0,0.0,0.0,0.0
162.83333333333334,46.13333333333333,0.9666666666666667,78.13333333333334,4.833333333333333,0.0,0.0,0.0,0.0,0.0,0.0,0.0,0.0,0.0,0.0,0.0,0.0,0.0
76.3,157.73333333333332,0.06666666666666667,100.76666666666667,3.1666666666666665,0.0,0.0,0.0,0.0,0.0,0.0,0.0,0.0,0.0,0.0,0.0,0.0,0.0
87.86666666666666,242.26666666666668,0.0,17.066666666666666,0.36666666666666664,0.0,0.0,0.0,0.0,0.0,0.0,0.0,0.0,0.0,0.0,0.0,0.0,0.0
182.33333333333334,67.66666666666667,0.0,79.33333333333333,0.0,0.0,0.0,0.0,0.0,0.0,0.0,0.0,0.0,0.0,0.0,0.0,0.0,0.0
107.76666666666667,178.8,0.0,34.36666666666667,0.0,0.0,0.0,0.0,0.0,0.0,0.0,0.0,0.0,0.0,0.0,0.0,0.0,0.0
15.5,312.2,0.3,39.8,0.2,0.0,0.0,0.0,0.0,0.0,0.0,0.0,0.0,0.0,0.0,0.0,0.0,0.0
14.3,212.46666666666667,0.3,56.266666666666666,37.733333333333334,0.0,0.0,0.0,0.0,0.0,0.0,0.0,0.0,0.0,0.0,0.0,0.0,0.0
5.033333333333333,136.13333333333333,2.9,13.3,123.8,0.0,0.0,0.0,0.0,0.0,0.0,0.0,0.0,0.0,0.0,0.0,0.0,0.0
62.13333333333333,105.53333333333333,15.933333333333334,28.166666666666668,37.333333333333336,0.0,0.0,0.0,0.0,0.0,0.0,0.0,0.0,0.0,0.0,0.0,0.0,0.0
59.7,159.2,3.033333333333333,17.5,17.1,0.0,0.0,0.0,0.0,0.0,0.0,0.0,0.0,0.0,0.0,0.0,0.0,0.0
53.6,138.33333333333334,2.8333333333333335,4.3,83.33333333333333,0.0,0.0,0.0,0.0,0.0,0.0,0.0,0.0,0.0,0.0,0.0,0.0,0.0
84.36666666666666,138.33333333333334,2.1333333333333333,14.4,46.3,0.0,0.0,0.0,0.0,0.0,0.0,0.0,0.0,0.0,0.0,0.0,0.0,0.0
16.2,235.76666666666668,2.2333333333333334,6.333333333333333,43.2,0.0,0.0,0.0,0.0,0.0,0.0,0.0,0.0,0.0,0.0,0.0,0.0,0.0
76.6,148.3,2.3333333333333335,0.9333333333333333,36.46666666666667,0.0,0.0,0.0,0.0,0.0,0.0,0.0,0.0,0.0,0.0,0.0,0.0,0.0
79.46666666666667,157.76666666666668,2.6,0.8666666666666667,39.0,0.0,0.0,0.0,0.0,0.0,0.0,0.0,0.0,0.0,0.0,0.0,0.0,0.0
86.66666666666667,187.16666666666666,1.3666666666666667,1.4666666666666666,5.066666666666666,0.0,0.0,0.0,0.0,0.0,0.0,0.0,0.0,0.0,0.0,0.0,0.0,0.0
162.13333333333333,36.2,0.43333333333333335,0.23333333333333334,127.9,0.0,0.0,0.0,0.0,0.0,0.0,0.0,0.0,0.0,0.0,0.0,0.0,0.0
1.8666666666666667,265.8,5.733333333333333,12.466666666666667,12.066666666666666,0.0,0.0,0.0,0.0,0.0,0.0,0.0,0.0,0.0,0.0,0.0,0.0,0.0
66.56666666666666,166.33333333333334,5.2,26.3,13.133333333333333,0.03333333333333333,0.0,0.0,0.0,0.0,0.0,0.0,0.0,0.0,0.0,0.0,0.0,0.0
84.43333333333334,129.63333333333333,4.066666666666666,14.766666666666667,17.366666666666667,0.0,0.0,0.0,0.0,0.0,0.0,0.0,0.0,0.0,0.0,0.0,0.0,0.0
123.6,116.26666666666667,0.6333333333333333,12.5,60.43333333333333,0.0,0.0,0.0,0.0,0.0,0.0,0.0,0.0,0.0,0.0,0.0,0.0,0.0
142.86666666666667,126.63333333333334,0.3,23.5,30.766666666666666,0.0,0.0,0.0,0.0,0.0,0.0,0.0,0.0,0.0,0.0,0.0,0.0,0.0
84.63333333333334,147.53333333333333,0.8,36.46666666666667,18.333333333333332,0.0,0.0,0.0,0.0,0.0,0.0,0.0,0.0,0.0,0.0,0.0,0.0,0.0
51.333333333333336,213.8,1.7,28.266666666666666,11.6,0.03333333333333333,0.0,0.0,0.0,0.0,0.0,0.0,0.0,0.0,0.0,0.0,0.0,0.0
14.533333333333333,281.4,1.0333333333333334,45.266666666666666,9.066666666666666,0.0,0.0,0.0,0.0,0.0,0.0,0.0,0.0,0.0,0.0,0.0,0.0,0.0
22.066666666666666,219.13333333333333,1.7333333333333334,14.4,8.3,0.0,0.0,0.0,0.0,0.0,0.0,0.0,0.0,0.0,0.0,0.0,0.0,0.0
52.93333333333333,183.0,1.9,49.43333333333333,9.766666666666667,0.16666666666666666,0.0,0.0,0.0,0.0,0.0,0.0,0.0,0.0,0.0,0.0,0.0,0.0
43.3,223.16666666666666,1.1333333333333333,25.066666666666666,8.833333333333334,0.4,0.0,0.0,0.0,0.0,0.0,0.0,0.0,0.0,0.0,0.0,0.0,0.0
19.9,228.6,2.466666666666667,40.5,8.6,2.433333333333333,0.0,0.0,0.0,0.0,0.0,0.0,0.0,0.0,0.0,0.0,0.0,0.0
75.4,19.7,87.43333333333334,16.233333333333334,53.766666666666666,0.7666666666666667,0.0,0.0,0.0,0.0,0.0,0.0,0.0,0.0,0.0,0.0,0.0,0.0
121.23333333333333,98.6,5.433333333333334,20.166666666666668,11.833333333333334,1.6666666666666667,0.0,0.0,0.0,0.0,0.0,0.0,0.0,0.0,0.0,0.0,0.0,0.0
5.966666666666667,157.16666666666666,10.333333333333334,83.6,9.133333333333333,1.6333333333333333,0.0,0.0,0.0,0.0,0.0,0.0,0.0,0.0,0.0,0.0,0.0,0.0
64.13333333333334,174.93333333333334,5.6,24.866666666666667,12.533333333333333,0.6666666666666666,0.0,0.0,0.0,0.0,0.0,0.0,0.0,0.0,0.0,0.0,0.0,0.0
96.36666666666666,126.63333333333334,2.3,52.13333333333333,7.6,0.43333333333333335,0.0,0.0,0.0,0.0,0.0,0.0,0.0,0.0,0.0,0.0,0.0,0.0
117.2,53.5,6.933333333333334,89.93333333333334,9.766666666666667,1.1,0.0,0.0,0.0,0.0,0.0,0.0,0.0,0.0,0.0,0.0,0.0,0.0
1.6666666666666667,78.26666666666667,7.133333333333334,133.7,3.966666666666667,0.26666666666666666,0.0,0.0,0.0,0.0,0.0,0.0,0.0,0.0,0.0,0.0,0.0,0.0
40.93333333333333,115.76666666666667,12.966666666666667,114.23333333333333,2.566666666666667,0.5666666666666667,0.0,0.0,0.0,0.0,0.0,0.0,0.0,0.0,0.0,0.0,0.0,0.0
52.46666666666667,131.56666666666666,9.333333333333334,70.43333333333334,16.566666666666666,0.6,0.0,0.0,0.0,0.0,0.0,0.0,0.0,0.0,0.0,0.0,0.0,0.0
31.0,89.2,8.133333333333333,64.76666666666667,39.766666666666666,0.7666666666666667,0.0,0.0,0.0,0.0,0.0,0.0,0.0,0.0,0.0,0.0,0.0,0.0
57.3,151.76666666666668,4.966666666666667,36.13333333333333,25.9,0.5,0.0,0.0,0.0,0.0,0.0,0.0,0.0,0.0,0.0,0.0,0.0,0.0
50.06666666666667,166.13333333333333,3.566666666666667,46.7,15.866666666666667,0.1,0.0,0.0,0.0,0.0,0.0,0.0,0.0,0.0,0.0,0.0,0.0,0.0
53.266666666666666,189.66666666666666,3.433333333333333,31.033333333333335,10.2,0.06666666666666667,0.0,0.0,0.0,0.0,0.0,0.0,0.0,0.0,0.0,0.0,0.0,0.0
117.26666666666667,121.3,2.1666666666666665,20.366666666666667,20.733333333333334,0.0,0.0,0.0,0.0,0.0,0.0,0.0,0.0,0.0,0.0,0.0,0.0,0.0
44.43333333333333,149.3,3.2,82.06666666666666,22.8,0.9666666666666667,0.0,0.0,0.0,0.0,0.0,0.0,0.0,0.0,0.0,0.0,0.0,0.0
32.266666666666666,189.8,2.566666666666667,54.56666666666667,8.266666666666667,1.2,0.0,0.0,0.0,0.0,0.0,0.0,0.0,0.0,0.0,0.0,0.0,0.0
78.23333333333333,158.86666666666667,3.933333333333333,23.2,11.166666666666666,1.5,0.0,0.0,0.0,0.0,0.0,0.0,0.0,0.0,0.0,0.0,0.0,0.0
31.233333333333334,223.83333333333334,4.233333333333333,19.7,9.033333333333333,2.3333333333333335,0.0,0.0,0.0,0.0,0.0,0.0,0.0,0.0,0.0,0.0,0.0,0.0
192.13333333333333,43.0,0.36666666666666664,4.7,6.866666666666666,0.2,0.0,0.0,0.0,0.0,0.0,0.0,0.0,0.0,0.0,0.0,0.0,0.0
172.0,62.766666666666666,1.6666666666666667,13.433333333333334,17.333333333333332,6.333333333333333,0.0,0.0,0.0,0.0,0.0,0.0,0.0,0.0,0.0,0.0,0.0,0.0
132.1,89.9,4.1,28.0,19.333333333333332,11.9,0.0,0.0,0.0,0.0,0.0,0.0,0.0,0.0,0.0,0.0,0.0,0.0
53.56666666666667,239.03333333333333,2.8333333333333335,24.833333333333332,10.866666666666667,4.033333333333333,0.0,0.0,0.0,0.0,0.0,0.0,0.0,0.0,0.0,0.0,0.0,0.0
49.2,204.9,3.466666666666667,59.6,16.3,3.033333333333333,0.0,0.0,0.0,0.0,0.0,0.0,0.0,0.0,0.0,0.0,0.0,0.0
111.16666666666667,156.83333333333334,3.3666666666666667,44.733333333333334,15.166666666666666,3.4,0.0,0.0,0.0,0.0,0.0,0.0,0.0,0.0,0.0,0.0,0.0,0.0
43.4,195.13333333333333,4.1,34.36666666666667,6.333333333333333,1.7333333333333334,0.0,0.0,0.0,0.0,0.0,0.0,0.0,0.0,0.0,0.0,0.0,0.0
28.1,253.56666666666666,2.6,38.766666666666666,7.233333333333333,0.5333333333333333,0.0,0.0,0.0,0.0,0.0,0.0,0.0,0.0,0.0,0.0,0.0,0.0
70.43333333333334,215.73333333333332,1.5666666666666667,28.866666666666667,13.266666666666667,0.2,0.0,0.0,0.0,0.0,0.0,0.0,0.0,0.0,0.0,0.0,0.0,0.0
78.63333333333334,207.53333333333333,2.1333333333333333,27.766666666666666,4.433333333333334,0.13333333333333333,0.0,0.0,0.0,0.0,0.0,0.0,0.0,0.0,0.0,0.0,0.0,0.0
57.233333333333334,169.16666666666666,2.9,12.166666666666666,7.166666666666667,0.23333333333333334,0.0,0.0,0.0,0.0,0.0,0.0,0.0,0.0,0.0,0.0,0.0,0.0
69.03333333333333,186.1,1.9,29.133333333333333,13.1,0.23333333333333334,0.0,0.0,0.0,0.0,0.0,0.0,0.0,0.0,0.0,0.0,0.0,0.0
64.1,180.23333333333332,2.4,14.033333333333333,12.533333333333333,0.3,0.0,0.0,0.0,0.0,0.0,0.0,0.0,0.0,0.0,0.0,0.0,0.0
40.36666666666667,279.43333333333334,1.1333333333333333,12.233333333333333,9.533333333333333,0.3333333333333333,0.0,0.0,0.0,0.0,0.0,0.0,0.0,0.0,0.0,0.0,0.0,0.0
71.8,222.8,4.066666666666666,9.033333333333333,5.133333333333334,0.4,0.0,0.0,0.0,0.0,0.0,0.0,0.0,0.0,0.0,0.0,0.0,0.0
119.46666666666667,131.43333333333334,2.8333333333333335,6.966666666666667,3.8666666666666667,0.0,0.0,0.0,0.0,0.0,0.0,0.0,0.0,0.0,0.0,0.0,0.0,0.0
99.96666666666667,152.76666666666668,3.566666666666667,5.933333333333334,3.533333333333333,0.03333333333333333,0.0,0.0,0.0,0.0,0.0,0.0,0.0,0.0,0.0,0.0,0.0,0.0
106.03333333333333,122.93333333333334,3.066666666666667,6.266666666666667,4.2,0.36666666666666664,0.0,0.0,0.0,0.0,0.0,0.0,0.0,0.0,0.0,0.0,0.0,0.0
74.13333333333334,174.8,3.8666666666666667,13.533333333333333,5.366666666666666,0.2,0.0,0.0,0.0,0.0,0.0,0.0,0.0,0.0,0.0,0.0,0.0,0.0
78.56666666666666,117.53333333333333,7.633333333333334,9.933333333333334,10.866666666666667,0.2,0.0,0.0,0.0,0.0,0.0,0.0,0.0,0.0,0.0,0.0,0.0,0.0
102.1,104.2,5.433333333333334,15.133333333333333,9.333333333333334,0.2,0.0,0.0,0.0,0.0,0.0,0.0,0.0,0.0,0.0,0.0,0.0,0.0
170.26666666666668,72.36666666666666,2.4,34.3,2.966666666666667,0.06666666666666667,0.0,0.0,0.0,0.0,0.0,0.0,0.0,0.0,0.0,0.0,0.0,0.0
172.03333333333333,37.06666666666667,3.8,17.7,6.9,0.36666666666666664,0.0,0.0,0.0,0.0,0.0,0.0,0.0,0.0,0.0,0.0,0.0,0.0
153.93333333333334,57.233333333333334,2.4,4.366666666666666,6.066666666666666,0.7,0.0,0.0,0.0,0.0,0.0,0.0,0.0,0.0,0.0,0.0,0.0,0.0
123.2,81.3,3.8,10.9,8.566666666666666,0.9,0.0,0.0,0.0,0.0,0.0,0.0,0.0,0.0,0.0,0.0,0.0,0.0
115.56666666666666,132.43333333333334,2.466666666666667,18.566666666666666,6.3,0.23333333333333334,0.0,0.0,0.0,0.0,0.0,0.0,0.0,0.0,0.0,0.0,0.0,0.0
99.2,116.76666666666667,2.533333333333333,19.066666666666666,7.7,0.2,0.0,0.0,0.0,0.0,0.0,0.0,0.0,0.0,0.0,0.0,0.0,0.0
140.2,57.0,2.7333333333333334,22.533333333333335,13.733333333333333,0.4666666666666667,0.0,0.0,0.0,0.0,0.0,0.0,0.0,0.0,0.0,0.0,0.0,0.0
109.23333333333333,126.5,2.9,30.666666666666668,11.233333333333333,1.1,0.0,0.0,0.0,0.0,0.0,0.0,0.0,0.0,0.0,0.0,0.0,0.0
88.16666666666667,121.56666666666666,8.1,21.3,11.766666666666667,0.4666666666666667,0.0,0.0,0.0,0.0,0.0,0.0,0.0,0.0,0.0,0.0,0.0,0.0
52.4,161.76666666666668,7.5,19.1,18.566666666666666,0.0,0.0,0.0,0.0,0.0,0.0,0.0,0.0,0.0,0.0,0.0,0.0,0.0
79.4,135.43333333333334,5.833333333333333,7.433333333333334,12.2,0.0,0.0,0.0,0.0,0.0,0.0,0.0,0.0,0.0,0.0,0.0,0.0,0.0
58.36666666666667,158.56666666666666,6.633333333333334,10.6,17.5,0.0,0.0,0.0,0.0,0.0,0.0,0.0,0.0,0.0,0.0,0.0,0.0,0.0
63.3,175.93333333333334,6.9,9.066666666666666,20.533333333333335,0.0,0.0,0.0,0.0,0.0,0.0,0.0,0.0,0.0,0.0,0.0,0.0,0.0
68.4,150.36666666666667,5.666666666666667,5.933333333333334,11.266666666666667,0.03333333333333333,0.0,0.0,0.0,0.0,0.0,0.0,0.0,0.0,0.0,0.0,0.0,0.0
68.6,168.76666666666668,4.3,6.166666666666667,11.4,0.0,0.0,0.0,0.0,0.0,0.0,0.0,0.0,0.0,0.0,0.0,0.0,0.0
86.9,161.56666666666666,4.233333333333333,8.8,13.133333333333333,0.0,0.0,0.0,0.0,0.0,0.0,0.0,0.0,0.0,0.0,0.0,0.0,0.0
93.23333333333333,146.86666666666667,2.4,18.133333333333333,14.8,0.0,0.0,0.0,0.0,0.0,0.0,0.0,0.0,0.0,0.0,0.0,0.0,0.0
93.56666666666666,126.66666666666667,3.6333333333333333,11.933333333333334,14.7,0.0,0.0,0.0,0.0,0.0,0.0,0.0,0.0,0.0,0.0,0.0,0.0,0.0
87.8,122.33333333333333,2.2333333333333334,39.3,21.5,0.0,0.0,0.0,0.0,0.0,0.0,0.0,0.0,0.0,0.0,0.0,0.0,0.0
67.03333333333333,134.8,4.2,15.066666666666666,12.733333333333333,0.0,0.0,0.0,0.0,0.0,0.0,0.0,0.0,0.0,0.0,0.0,0.0,0.0
66.8,153.16666666666666,4.7,13.266666666666667,15.233333333333333,0.0,0.0,0.0,0.0,0.0,0.0,0.0,0.0,0.0,0.0,0.0,0.0,0.0
119.8,86.7,6.266666666666667,10.333333333333334,8.533333333333333,0.0,0.0,0.0,0.0,0.0,0.0,0.0,0.0,0.0,0.0,0.0,0.0,0.0
77.36666666666666,196.13333333333333,4.833333333333333,8.8,10.333333333333334,0.0,0.0,0.0,0.0,0.0,0.0,0.0,0.0,0.0,0.0,0.0,0.0,0.0
61.333333333333336,156.7,5.233333333333333,18.066666666666666,15.966666666666667,0.0,0.0,0.0,0.0,0.0,0.0,0.0,0.0,0.0,0.0,0.0,0.0,0.0
67.46666666666667,151.7,7.466666666666667,24.8,19.666666666666668,0.0,0.0,0.0,0.0,0.0,0.0,0.0,0.0,0.0,0.0,0.0,0.0,0.0
63.93333333333333,123.66666666666667,5.666666666666667,41.2,17.666666666666668,0.0,0.0,0.0,0.0,0.0,0.0,0.0,0.0,0.0,0.0,0.0,0.0,0.0
73.16666666666667,95.26666666666667,5.866666666666666,37.36666666666667,18.433333333333334,0.0,0.0,0.0,0.0,0.0,0.0,0.0,0.0,0.0,0.0,0.0,0.0,0.0
85.56666666666666,79.6,4.033333333333333,47.06666666666667,21.533333333333335,0.0,0.0,0.0,0.0,0.0,0.0,0.0,0.0,0.0,0.0,0.0,0.0,0.0
78.33333333333333,49.06666666666667,3.8333333333333335,38.46666666666667,43.833333333333336,0.0,0.0,0.0,0.0,0.0,0.0,0.0,0.0,0.0,0.0,0.0,0.0,0.0
69.43333333333334,22.9,3.6666666666666665,49.1,44.266666666666666,0.0,0.0,0.0,0.0,0.0,0.0,0.0,0.0,0.0,0.0,0.0,0.0,0.0
54.46666666666667,34.233333333333334,3.8333333333333335,66.56666666666666,40.53333333333333,0.06666666666666667,0.0,0.0,0.0,0.0,0.0,0.0,0.0,0.0,0.0,0.0,0.0,0.0
43.833333333333336,17.666666666666668,3.2333333333333334,75.23333333333333,53.233333333333334,0.0,0.0,0.0,0.0,0.0,0.0,0.0,0.0,0.0,0.0,0.0,0.0,0.0
42.733333333333334,44.666666666666664,5.066666666666666,75.36666666666666,46.833333333333336,0.03333333333333333,0.0,0.0,0.0,0.0,0.0,0.0,0.0,0.0,0.0,0.0,0.0,0.0
106.73333333333333,21.9,3.3666666666666667,45.06666666666667,45.06666666666667,0.0,0.0,0.0,0.0,0.0,0.0,0.0,0.0,0.0,0.0,0.0,0.0,0.0
74.86666666666666,27.733333333333334,5.4,53.266666666666666,39.56666666666667,0.03333333333333333,0.0,0.0,0.0,0.0,0.0,0.0,0.0,0.0,0.0,0.0,0.0,0.0
71.46666666666667,18.333333333333332,15.033333333333333,63.93333333333333,40.53333333333333,0.13333333333333333,0.0,0.0,0.0,0.0,0.0,0.0,0.0,0.0,0.0,0.0,0.0,0.0
54.03333333333333,38.4,22.1,47.5,34.6,0.4,0.0,0.0,0.0,0.0,0.0,0.0,0.0,0.0,0.0,0.0,0.0,0.0
67.66666666666667,52.0,42.7,47.4,30.933333333333334,1.2666666666666666,0.0,0.0,0.0,0.0,0.0,0.0,0.0,0.0,0.0,0.0,0.0,0.0
72.66666666666667,61.233333333333334,62.86666666666667,28.866666666666667,17.266666666666666,4.766666666666667,0.0,0.0,0.0,0.0,0.0,0.0,0.0,0.0,0.0,0.0,0.0,0.0
173.93333333333334,20.0,27.966666666666665,19.666666666666668,17.0,2.966666666666667,0.0,0.0,0.0,0.0,0.0,0.0,0.0,0.0,0.0,0.0,0.0,0.0
97.56666666666666,82.66666666666667,46.46666666666667,27.066666666666666,18.7,3.033333333333333,0.0,0.0,0.0,0.0,0.0,0.0,0.0,0.0,0.0,0.0,0.0,0.0
101.66666666666667,84.13333333333334,26.933333333333334,14.566666666666666,13.433333333333334,1.5666666666666667,0.0,0.0,0.0,0.0,0.0,0.0,0.0,0.0,0.0,0.0,0.0,0.0
79.93333333333334,145.86666666666667,17.666666666666668,10.5,15.3,0.6333333333333333,0.0,0.0,0.0,0.0,0.0,0.0,0.0,0.0,0.0,0.0,0.0,0.0
162.1,37.266666666666666,20.666666666666668,2.6666666666666665,9.766666666666667,0.06666666666666667,0.0,0.0,0.0,0.0,0.0,0.0,0.0,0.0,0.0,0.0,0.0,0.0
79.2,78.1,30.7,19.033333333333335,27.466666666666665,1.5333333333333334,0.0,0.0,0.0,0.0,0.0,0.0,0.0,0.0,0.0,0.0,0.0,0.0
75.06666666666666,79.96666666666667,16.5,24.066666666666666,27.433333333333334,0.6666666666666666,0.0,0.0,0.0,0.0,0.0,0.0,0.0,0.0,0.0,0.0,0.0,0.0
70.8,112.83333333333333,14.866666666666667,16.6,24.933333333333334,0.16666666666666666,0.0,0.0,0.0,0.0,0.0,0.0,0.0,0.0,0.0,0.0,0.0,0.0
96.9,66.5,24.3,25.933333333333334,23.166666666666668,2.3333333333333335,0.0,0.0,0.0,0.0,0.0,0.0,0.0,0.0,0.0,0.0,0.0,0.0
75.7,154.43333333333334,11.133333333333333,8.4,13.2,0.5333333333333333,0.0,0.0,0.0,0.0,0.0,0.0,0.0,0.0,0.0,0.0,0.0,0.0
76.8,154.03333333333333,10.9,7.3,11.366666666666667,0.9333333333333333,0.0,0.0,0.0,0.0,0.0,0.0,0.0,0.0,0.0,0.0,0.0,0.0
88.13333333333334,108.06666666666666,6.9,5.433333333333334,11.466666666666667,0.5666666666666667,0.0,0.0,0.0,0.0,0.0,0.0,0.0,0.0,0.0,0.0,0.0,0.0
75.86666666666666,151.76666666666668,7.033333333333333,8.6,16.933333333333334,0.23333333333333334,0.0,0.0,0.0,0.0,0.0,0.0,0.0,0.0,0.0,0.0,0.0,0.0
92.86666666666666,113.43333333333334,7.733333333333333,7.6,15.833333333333334,0.16666666666666666,0.0,0.0,0.0,0.0,0.0,0.0,0.0,0.0,0.0,0.0,0.0,0.0
44.333333333333336,136.83333333333334,6.166666666666667,43.766666666666666,27.733333333333334,0.03333333333333333,0.0,0.0,0.0,0.0,0.0,0.0,0.0,0.0,0.0,0.0,0.0,0.0
58.5,163.66666666666666,5.8,28.066666666666666,26.033333333333335,0.0,0.0,0.0,0.0,0.0,0.0,0.0,0.0,0.0,0.0,0.0,0.0,0.0
59.03333333333333,184.26666666666668,6.5,19.4,21.8,0.0,0.0,0.0,0.0,0.0,0.0,0.0,0.0,0.0,0.0,0.0,0.0,0.0
37.766666666666666,153.06666666666666,4.7,33.266666666666666,29.0,0.0,0.0,0.0,0.0,0.0,0.0,0.0,0.0,0.0,0.0,0.0,0.0,0.0
60.46666666666667,138.53333333333333,4.8,30.866666666666667,26.466666666666665,0.0,0.0,0.0,0.0,0.0,0.0,0.0,0.0,0.0,0.0,0.0,0.0,0.0
95.4,129.16666666666666,4.5,15.3,15.266666666666667,0.03333333333333333,0.0,0.0,0.0,0.0,0.0,0.0,0.0,0.0,0.0,0.0,0.0,0.0
86.66666666666667,157.66666666666666,4.4,15.3,17.1,0.03333333333333333,0.0,0.0,0.0,0.0,0.0,0.0,0.0,0.0,0.0,0.0,0.0,0.0
89.83333333333333,97.16666666666667,4.966666666666667,18.333333333333332,26.7,0.03333333333333333,0.0,0.0,0.0,0.0,0.0,0.0,0.0,0.0,0.0,0.0,0.0,0.0
30.6,199.93333333333334,5.4,22.566666666666666,20.266666666666666,0.0,0.0,0.0,0.0,0.0,0.0,0.0,0.0,0.0,0.0,0.0,0.0,0.0
44.9,190.56666666666666,3.4,18.333333333333332,16.333333333333332,0.0,0.0,0.0,0.0,0.0,0.0,0.0,0.0,0.0,0.0,0.0,0.0,0.0
38.4,150.26666666666668,1.9333333333333333,50.7,45.166666666666664,0.0,0.0,0.0,0.0,0.0,0.0,0.0,0.0,0.0,0.0,0.0,0.0,0.0
123.93333333333334,71.8,1.2666666666666666,40.5,38.0,0.03333333333333333,0.0,0.0,0.0,0.0,0.0,0.0,0.0,0.0,0.0,0.0,0.0,0.0
37.03333333333333,131.03333333333333,4.033333333333333,75.53333333333333,27.666666666666668,0.13333333333333333,0.0,0.0,0.0,0.0,0.0,0.0,0.0,0.0,0.0,0.0,0.0,0.0
49.833333333333336,146.1,4.766666666666667,46.6,16.233333333333334,0.03333333333333333,0.0,0.0,0.0,0.0,0.0,0.0,0.0,0.0,0.0,0.0,0.0,0.0
43.0,185.96666666666667,9.3,40.56666666666667,18.1,0.6,0.0,0.0,0.0,0.0,0.0,0.0,0.0,0.0,0.0,0.0,0.0,0.0
50.733333333333334,170.93333333333334,6.133333333333334,12.133333333333333,9.3,0.06666666666666667,0.0,0.0,0.0,0.0,0.0,0.0,0.0,0.0,0.0,0.0,0.0,0.0
39.96666666666667,171.26666666666668,5.733333333333333,13.866666666666667,14.266666666666667,0.13333333333333333,0.0,0.0,0.0,0.0,0.0,0.0,0.0,0.0,0.0,0.0,0.0,0.0
53.733333333333334,168.46666666666667,6.766666666666667,10.533333333333333,11.866666666666667,0.16666666666666666,0.0,0.0,0.0,0.0,0.0,0.0,0.0,0.0,0.0,0.0,0.0,0.0
44.1,184.36666666666667,6.433333333333334,13.0,19.633333333333333,0.0,0.0,0.0,0.0,0.0,0.0,0.0,0.0,0.0,0.0,0.0,0.0,0.0
46.46666666666667,179.0,4.733333333333333,11.366666666666667,17.5,0.03333333333333333,0.0,0.0,0.0,0.0,0.0,0.0,0.0,0.0,0.0,0.0,0.0,0.0
54.3,143.96666666666667,7.733333333333333,16.433333333333334,19.5,0.06666666666666667,0.0,0.0,0.0,0.0,0.0,0.0,0.0,0.0,0.0,0.0,0.0,0.0
33.8,140.5,6.266666666666667,24.433333333333334,41.4,0.16666666666666666,0.0,0.0,0.0,0.0,0.0,0.0,0.0,0.0,0.0,0.0,0.0,0.0
32.03333333333333,181.16666666666666,6.3,14.0,25.1,0.03333333333333333,0.0,0.0,0.0,0.0,0.0,0.0,0.0,0.0,0.0,0.0,0.0,0.0
40.5,137.9,6.166666666666667,17.7,23.6,0.0,0.0,0.0,0.0,0.0,0.0,0.0,0.0,0.0,0.0,0.0,0.0,0.0
44.46666666666667,198.96666666666667,6.733333333333333,19.433333333333334,23.966666666666665,0.0,0.0,0.0,0.0,0.0,0.0,0.0,0.0,0.0,0.0,0.0,0.0,0.0
50.13333333333333,199.43333333333334,7.033333333333333,6.266666666666667,11.666666666666666,0.0,0.0,0.0,0.0,0.0,0.0,0.0,0.0,0.0,0.0,0.0,0.0,0.0
39.7,209.7,5.4,7.9,10.566666666666666,0.0,0.0,0.0,0.0,0.0,0.0,0.0,0.0,0.0,0.0,0.0,0.0,0.0
34.06666666666667,202.46666666666667,5.433333333333334,12.2,11.2,0.03333333333333333,0.0,0.0,0.0,0.0,0.0,0.0,0.0,0.0,0.0,0.0,0.0,0.0
30.3,221.66666666666666,5.566666666666666,23.333333333333332,14.966666666666667,0.03333333333333333,0.0,0.0,0.0,0.0,0.0,0.0,0.0,0.0,0.0,0.0,0.0,0.0
41.1,196.6,7.233333333333333,30.8,21.1,0.0,0.0,0.0,0.0,0.0,0.0,0.0,0.0,0.0,0.0,0.0,0.0,0.0
52.63333333333333,184.9,6.566666666666666,20.8,14.7,0.0,0.0,0.0,0.0,0.0,0.0,0.0,0.0,0.0,0.0,0.0,0.0,0.0
54.9,182.73333333333332,6.2,20.4,17.5,0.0,0.0,0.0,0.0,0.0,0.0,0.0,0.0,0.0,0.0,0.0,0.0,0.0
40.6,168.53333333333333,5.233333333333333,32.53333333333333,18.9,0.03333333333333333,0.0,0.0,0.0,0.0,0.0,0.0,0.0,0.0,0.0,0.0,0.0,0.0
38.266666666666666,172.5,4.066666666666666,42.233333333333334,26.366666666666667,0.0,0.0,0.0,0.0,0.0,0.0,0.0,0.0,0.0,0.0,0.0,0.0,0.0
47.6,167.56666666666666,4.566666666666666,33.666666666666664,22.366666666666667,0.1,0.0,0.0,0.0,0.0,0.0,0.0,0.0,0.0,0.0,0.0,0.0,0.0
59.833333333333336,152.53333333333333,3.9,24.7,25.433333333333334,0.0,0.0,0.0,0.0,0.0,0.0,0.0,0.0,0.0,0.0,0.0,0.0,0.0
61.766666666666666,172.3,2.8,25.233333333333334,13.433333333333334,0.0,0.0,0.0,0.0,0.0,0.0,0.0,0.0,0.0,0.0,0.0,0.0,0.0
53.2,177.76666666666668,5.933333333333334,42.53333333333333,22.566666666666666,0.03333333333333333,0.0,0.0,0.0,0.0,0.0,0.0,0.0,0.0,0.0,0.0,0.0,0.0
71.5,142.2,6.033333333333333,24.933333333333334,17.766666666666666,0.0,0.0,0.0,0.0,0.0,0.0,0.0,0.0,0.0,0.0,0.0,0.0,0.0
58.86666666666667,157.86666666666667,6.9,14.966666666666667,12.1,0.0,0.0,0.0,0.0,0.0,0.0,0.0,0.0,0.0,0.0,0.0,0.0,0.0
55.833333333333336,183.26666666666668,7.066666666666666,15.6,14.766666666666667,0.0,0.0,0.0,0.0,0.0,0.0,0.0,0.0,0.0,0.0,0.0,0.0,0.0
59.2,172.6,7.6,14.333333333333334,12.433333333333334,0.0,0.0,0.0,0.0,0.0,0.0,0.0,0.0,0.0,0.0,0.0,0.0,0.0
87.76666666666667,163.1,5.633333333333334,15.133333333333333,10.333333333333334,0.0,0.0,0.0,0.0,0.0,0.0,0.0,0.0,0.0,0.0,0.0,0.0,0.0
65.83333333333333,205.9,2.5,6.3,11.233333333333333,0.0,0.0,0.0,0.0,0.0,0.0,0.0,0.0,0.0,0.0,0.0,0.0,0.0
45.03333333333333,206.83333333333334,5.466666666666667,30.9,13.9,0.0,0.0,0.0,0.0,0.0,0.0,0.0,0.0,0.0,0.0,0.0,0.0,0.0
69.86666666666666,183.5,7.0,21.2,14.6,0.0,0.0,0.0,0.0,0.0,0.0,0.0,0.0,0.0,0.0,0.0,0.0,0.0
74.33333333333333,192.1,3.0,8.633333333333333,8.033333333333333,0.0,0.0,0.0,0.0,0.0,0.0,0.0,0.0,0.0,0.0,0.0,0.0,0.0
61.46666666666667,224.9,2.7666666666666666,16.533333333333335,21.233333333333334,0.0,0.0,0.0,0.0,0.0,0.0,0.0,0.0,0.0,0.0,0.0,0.0,0.0
46.166666666666664,186.03333333333333,6.2,11.533333333333333,13.1,0.0,0.0,0.0,0.0,0.0,0.0,0.0,0.0,0.0,0.0,0.0,0.0,0.0
46.93333333333333,202.73333333333332,10.933333333333334,7.7,7.833333333333333,0.0,0.0,0.0,0.0,0.0,0.0,0.0,0.0,0.0,0.0,0.0,0.0,0.0
40.63333333333333,182.76666666666668,10.833333333333334,22.666666666666668,11.233333333333333,0.0,0.0,0.0,0.0,0.0,0.0,0.0,0.0,0.0,0.0,0.0,0.0,0.0
43.96666666666667,220.13333333333333,11.2,9.4,6.966666666666667,0.06666666666666667,0.0,0.0,0.0,0.0,0.0,0.0,0.0,0.0,0.0,0.0,0.0,0.0
45.266666666666666,219.23333333333332,9.1,6.0,5.866666666666666,0.0,0.0,0.0,0.0,0.0,0.0,0.0,0.0,0.0,0.0,0.0,0.0,0.0
45.0,189.63333333333333,5.066666666666666,9.433333333333334,8.5,0.06666666666666667,0.0,0.0,0.0,0.0,0.0,0.0,0.0,0.0,0.0,0.0,0.0,0.0
50.9,175.23333333333332,5.333333333333333,7.4,8.666666666666666,0.03333333333333333,0.0,0.0,0.0,0.0,0.0,0.0,0.0,0.0,0.0,0.0,0.0,0.0
55.3,193.03333333333333,6.4,5.066666666666666,5.6,0.03333333333333333,0.0,0.0,0.0,0.0,0.0,0.0,0.0,0.0,0.0,0.0,0.0,0.0
50.233333333333334,185.03333333333333,6.166666666666667,8.766666666666667,7.1,0.0,0.0,0.0,0.0,0.0,0.0,0.0,0.0,0.0,0.0,0.0,0.0,0.0
57.333333333333336,188.33333333333334,7.566666666666666,11.666666666666666,6.066666666666666,0.03333333333333333,0.0,0.0,0.0,0.0,0.0,0.0,0.0,0.0,0.0,0.0,0.0,0.0
54.833333333333336,202.9,6.033333333333333,10.733333333333333,6.0,0.0,0.0,0.0,0.0,0.0,0.0,0.0,0.0,0.0,0.0,0.0,0.0,0.0
73.83333333333333,161.6,5.533333333333333,4.2,5.8,0.0,0.0,0.0,0.0,0.0,0.0,0.0,0.0,0.0,0.0,0.0,0.0,0.0
74.36666666666666,161.43333333333334,5.6,11.733333333333333,8.966666666666667,0.16666666666666666,0.0,0.0,0.0,0.0,0.0,0.0,0.0,0.0,0.0,0.0,0.0,0.0
76.26666666666667,174.66666666666666,4.1,4.0,5.266666666666667,0.0,0.0,0.0,0.0,0.0,0.0,0.0,0.0,0.0,0.0,0.0,0.0,0.0
60.7,198.26666666666668,4.366666666666666,1.4333333333333333,5.2,0.0,0.0,0.0,0.0,0.0,0.0,0.0,0.0,0.0,0.0,0.0,0.0,0.0
64.46666666666667,185.1,4.533333333333333,1.2333333333333334,4.7,0.0,0.0,0.0,0.0,0.0,0.0,0.0,0.0,0.0,0.0,0.0,0.0,0.0
35.46666666666667,199.93333333333334,4.566666666666666,7.033333333333333,7.333333333333333,0.03333333333333333,0.0,0.0,0.0,0.0,0.0,0.0,0.0,0.0,0.0,0.0,0.0,0.0
42.766666666666666,181.6,6.433333333333334,30.933333333333334,11.733333333333333,0.0,0.0,0.0,0.0,0.0,0.0,0.0,0.0,0.0,0.0,0.0,0.0,0.0
57.86666666666667,113.13333333333334,3.3,39.666666666666664,20.066666666666666,0.0,0.0,0.0,0.0,0.0,0.0,0.0,0.0,0.0,0.0,0.0,0.0,0.0
44.9,110.23333333333333,4.666666666666667,54.7,32.5,0.0,0.0,0.0,0.0,0.0,0.0,0.0,0.0,0.0,0.0,0.0,0.0,0.0
48.766666666666666,70.6,3.1,57.13333333333333,40.833333333333336,0.0,0.0,0.0,0.0,0.0,0.0,0.0,0.0,0.0,0.0,0.0,0.0,0.0
56.5,28.233333333333334,2.8,42.733333333333334,71.76666666666667,0.0,0.0,0.0,0.0,0.0,0.0,0.0,0.0,0.0,0.0,0.0,0.0,0.0
75.63333333333334,27.3,3.433333333333333,45.36666666666667,58.63333333333333,0.0,0.0,0.0,0.0,0.0,0.0,0.0,0.0,0.0,0.0,0.0,0.0,0.0
66.66666666666667,16.433333333333334,11.6,49.63333333333333,55.8,0.6333333333333333,0.0,0.0,0.0,0.0,0.0,0.0,0.0,0.0,0.0,0.0,0.0,0.0
88.0,18.666666666666668,8.2,50.0,46.53333333333333,2.3,0.0,0.0,0.0,0.0,0.0,0.0,0.0,0.0,0.0,0.0,0.0,0.0
96.86666666666666,17.233333333333334,13.8,42.8,36.233333333333334,2.933333333333333,0.0,0.0,0.0,0.0,0.0,0.0,0.0,0.0,0.0,0.0,0.0,0.0
97.36666666666666,13.9,18.233333333333334,41.43333333333333,46.86666666666667,3.1,0.0,0.0,0.0,0.0,0.0,0.0,0.0,0.0,0.0,0.0,0.0,0.0
86.3,11.5,15.233333333333333,43.6,42.96666666666667,2.7666666666666666,0.0,0.0,0.0,0.0,0.0,0.0,0.0,0.0,0.0,0.0,0.0,0.0
181.3,3.3666666666666667,25.433333333333334,24.966666666666665,21.333333333333332,2.3666666666666667,0.0,0.0,0.0,0.0,0.0,0.0,0.0,0.0,0.0,0.0,0.0,0.0
118.83333333333333,9.9,22.633333333333333,50.86666666666667,35.333333333333336,2.8,0.0,0.0,0.0,0.0,0.0,0.0,0.0,0.0,0.0,0.0,0.0,0.0
73.36666666666666,35.63333333333333,26.2,74.56666666666666,45.53333333333333,7.266666666666667,0.0,0.0,0.0,0.0,0.0,0.0,0.0,0.0,0.0,0.0,0.0,0.0
103.3,44.1,25.9,68.66666666666667,27.266666666666666,2.1666666666666665,0.0,0.0,0.0,0.0,0.0,0.0,0.0,0.0,0.0,0.0,0.0,0.0
104.03333333333333,102.16666666666667,37.333333333333336,52.4,21.5,2.3,0.0,0.0,0.0,0.0,0.0,0.0,0.0,0.0,0.0,0.0,0.0,0.0
62.833333333333336,161.76666666666668,29.766666666666666,37.43333333333333,16.533333333333335,0.8,0.0,0.0,0.0,0.0,0.0,0.0,0.0,0.0,0.0,0.0,0.0,0.0
44.333333333333336,199.6,14.233333333333333,12.4,14.666666666666666,0.03333333333333333,0.0,0.0,0.0,0.0,0.0,0.0,0.0,0.0,0.0,0.0,0.0,0.0
46.4,171.16666666666666,18.166666666666668,15.266666666666667,14.4,0.06666666666666667,0.0,0.0,0.0,0.0,0.0,0.0,0.0,0.0,0.0,0.0,0.0,0.0
53.13333333333333,193.33333333333334,20.2,25.2,15.1,0.5,0.0,0.0,0.0,0.0,0.0,0.0,0.0,0.0,0.0,0.0,0.0,0.0
36.13333333333333,199.66666666666666,28.1,27.666666666666668,15.766666666666667,0.3333333333333333,0.0,0.0,0.0,0.0,0.0,0.0,0.0,0.0,0.0,0.0,0.0,0.0
34.4,172.66666666666666,33.1,42.43333333333333,28.133333333333333,2.6,0.0,0.0,0.0,0.0,0.0,0.0,0.0,0.0,0.0,0.0,0.0,0.0
40.166666666666664,118.73333333333333,24.3,35.3,39.3,0.7,0.0,0.0,0.0,0.0,0.0,0.0,0.0,0.0,0.0,0.0,0.0,0.0
40.0,137.43333333333334,13.633333333333333,18.666666666666668,20.3,0.0,0.0,0.0,0.0,0.0,0.0,0.0,0.0,0.0,0.0,0.0,0.0,0.0
41.06666666666667,153.4,10.233333333333333,15.266666666666667,16.766666666666666,0.0,0.0,0.0,0.0,0.0,0.0,0.0,0.0,0.0,0.0,0.0,0.0,0.0
44.4,165.73333333333332,12.6,16.4,17.266666666666666,0.0,0.0,0.0,0.0,0.0,0.0,0.0,0.0,0.0,0.0,0.0,0.0,0.0
51.56666666666667,166.4,7.3,7.733333333333333,10.6,0.0,0.0,0.0,0.0,0.0,0.0,0.0,0.0,0.0,0.0,0.0,0.0,0.0
45.5,175.66666666666666,9.533333333333333,7.933333333333334,11.033333333333333,0.0,0.0,0.0,0.0,0.0,0.0,0.0,0.0,0.0,0.0,0.0,0.0,0.0
58.3,164.2,9.033333333333333,6.3,8.966666666666667,0.0,0.0,0.0,0.0,0.0,0.0,0.0,0.0,0.0,0.0,0.0,0.0,0.0
46.86666666666667,175.03333333333333,8.933333333333334,5.066666666666666,7.266666666666667,0.0,0.0,0.0,0.0,0.0,0.0,0.0,0.0,0.0,0.0,0.0,0.0,0.0
51.56666666666667,166.3,6.4,6.8,6.633333333333334,0.0,0.0,0.0,0.0,0.0,0.0,0.0,0.0,0.0,0.0,0.0,0.0,0.0
42.56666666666667,174.73333333333332,5.2,10.566666666666666,5.7,0.0,0.0,0.0,0.0,0.0,0.0,0.0,0.0,0.0,0.0,0.0,0.0,0.0
38.36666666666667,214.4,5.833333333333333,21.6,7.033333333333333,0.36666666666666664,0.0,0.0,0.0,0.0,0.0,0.0,0.0,0.0,0.0,0.0,0.0,0.0
45.766666666666666,204.96666666666667,4.8,26.533333333333335,9.833333333333334,0.9333333333333333,0.0,0.0,0.0,0.0,0.0,0.0,0.0,0.0,0.0,0.0,0.0,0.0
41.06666666666667,221.96666666666667,5.533333333333333,40.46666666666667,11.833333333333334,2.6,0.0,0.0,0.0,0.0,0.0,0.0,0.0,0.0,0.0,0.0,0.0,0.0
38.166666666666664,184.26666666666668,5.266666666666667,70.26666666666667,16.833333333333332,4.566666666666666,0.0,0.0,0.0,0.0,0.0,0.0,0.0,0.0,0.0,0.0,0.0,0.0
38.43333333333333,63.46666666666667,5.366666666666666,102.13333333333334,39.0,11.266666666666667,0.0,0.0,0.0,0.0,0.0,0.0,0.0,0.0,0.0,0.0,0.0,0.0
43.7,115.8,6.333333333333333,96.0,28.5,8.9,0.0,0.0,0.0,0.0,0.0,0.0,0.0,0.0,0.0,0.0,0.0,0.0
43.36666666666667,115.2,9.766666666666667,80.56666666666666,25.9,4.8,0.0,0.0,0.0,0.0,0.0,0.0,0.0,0.0,0.0,0.0,0.0,0.0
39.9,128.0,7.333333333333333,73.13333333333334,31.533333333333335,4.333333333333333,0.0,0.0,0.0,0.0,0.0,0.0,0.0,0.0,0.0,0.0,0.0,0.0
40.9,125.8,4.466666666666667,58.666666666666664,27.533333333333335,1.1333333333333333,0.0,0.0,0.0,0.0,0.0,0.0,0.0,0.0,0.0,0.0,0.0,0.0
50.9,182.16666666666666,4.733333333333333,49.0,21.066666666666666,1.0666666666666667,0.0,0.0,0.0,0.0,0.0,0.0,0.0,0.0,0.0,0.0,0.0,0.0
39.06666666666667,193.93333333333334,4.5,40.166666666666664,30.933333333333334,0.9666666666666667,0.0,0.0,0.0,0.0,0.0,0.0,0.0,0.0,0.0,0.0,0.0,0.0
40.53333333333333,206.33333333333334,5.6,34.833333333333336,22.466666666666665,1.1,0.0,0.0,0.0,0.0,0.0,0.0,0.0,0.0,0.0,0.0,0.0,0.0
39.06666666666667,163.46666666666667,6.133333333333334,47.0,36.733333333333334,3.6666666666666665,0.0,0.0,0.0,0.0,0.0,0.0,0.0,0.0,0.0,0.0,0.0,0.0
51.766666666666666,144.3,6.2,40.266666666666666,32.53333333333333,2.6,0.0,0.0,0.0,0.0,0.0,0.0,0.0,0.0,0.0,0.0,0.0,0.0
60.6,182.6,3.5,22.866666666666667,14.733333333333333,0.13333333333333333,0.0,0.0,0.0,0.0,0.0,0.0,0.0,0.0,0.0,0.0,0.0,0.0
53.333333333333336,197.6,3.5,21.666666666666668,17.033333333333335,0.13333333333333333,0.0,0.0,0.0,0.0,0.0,0.0,0.0,0.0,0.0,0.0,0.0,0.0
44.5,181.0,4.166666666666667,21.666666666666668,17.533333333333335,0.16666666666666666,0.0,0.0,0.0,0.0,0.0,0.0,0.0,0.0,0.0,0.0,0.0,0.0
55.833333333333336,172.36666666666667,5.333333333333333,14.766666666666667,13.2,0.03333333333333333,0.0,0.0,0.0,0.0,0.0,0.0,0.0,0.0,0.0,0.0,0.0,0.0
49.63333333333333,194.3,7.466666666666667,12.7,12.8,0.03333333333333333,0.0,0.0,0.0,0.0,0.0,0.0,0.0,0.0,0.0,0.0,0.0,0.0
44.666666666666664,173.76666666666668,5.2,30.566666666666666,14.5,0.0,0.0,0.0,0.0,0.0,0.0,0.0,0.0,0.0,0.0,0.0,0.0,0.0
40.56666666666667,204.13333333333333,5.366666666666666,20.433333333333334,12.333333333333334,0.0,0.0,0.0,0.0,0.0,0.0,0.0,0.0,0.0,0.0,0.0,0.0,0.0
46.7,199.76666666666668,5.233333333333333,16.966666666666665,10.633333333333333,0.0,0.0,0.0,0.0,0.0,0.0,0.0,0.0,0.0,0.0,0.0,0.0,0.0
37.36666666666667,212.0,7.266666666666667,14.2,10.733333333333333,0.0,0.0,0.0,0.0,0.0,0.0,0.0,0.0,0.0,0.0,0.0,0.0,0.0
48.766666666666666,163.36666666666667,5.066666666666666,28.0,16.5,0.03333333333333333,0.0,0.0,0.0,0.0,0.0,0.0,0.0,0.0,0.0,0.0,0.0,0.0
44.13333333333333,174.06666666666666,4.0,19.2,16.233333333333334,0.0,0.0,0.0,0.0,0.0,0.0,0.0,0.0,0.0,0.0,0.0,0.0,0.0
44.9,184.16666666666666,3.6,16.433333333333334,13.566666666666666,0.0,0.0,0.0,0.0,0.0,0.0,0.0,0.0,0.0,0.0,0.0,0.0,0.0
45.9,190.56666666666666,3.6666666666666665,15.033333333333333,12.8,0.0,0.0,0.0,0.0,0.0,0.0,0.0,0.0,0.0,0.0,0.0,0.0,0.0
41.9,194.86666666666667,5.533333333333333,20.3,17.466666666666665,0.0,0.0,0.0,0.0,0.0,0.0,0.0,0.0,0.0,0.0,0.0,0.0,0.0
38.43333333333333,149.6,5.833333333333333,26.2,27.6,0.0,0.0,0.0,0.0,0.0,0.0,0.0,0.0,0.0,0.0,0.0,0.0,0.0
39.0,129.7,6.433333333333334,32.2,34.13333333333333,0.03333333333333333,0.0,0.0,0.0,0.0,0.0,0.0,0.0,0.0,0.0,0.0,0.0,0.0
46.7,178.96666666666667,4.466666666666667,22.533333333333335,17.0,0.0,0.0,0.0,0.0,0.0,0.0,0.0,0.0,0.0,0.0,0.0,0.0,0.0
43.63333333333333,188.76666666666668,5.2,10.633333333333333,8.5,0.0,0.0,0.0,0.0,0.0,0.0,0.0,0.0,0.0,0.0,0.0,0.0,0.0
36.63333333333333,189.6,4.133333333333334,20.066666666666666,12.1,0.0,0.0,0.0,0.0,0.0,0.0,0.0,0.0,0.0,0.0,0.0,0.0,0.0
57.9,213.16666666666666,5.533333333333333,9.166666666666666,9.766666666666667,0.0,0.0,0.0,0.0,0.0,0.0,0.0,0.0,0.0,0.0,0.0,0.0,0.0
65.13333333333334,178.5,4.2,4.866666666666666,7.633333333333334,0.0,0.0,0.0,0.0,0.0,0.0,0.0,0.0,0.0,0.0,0.0,0.0,0.0
56.53333333333333,155.93333333333334,3.7333333333333334,3.066666666666667,7.0,0.0,0.0,0.0,0.0,0.0,0.0,0.0,0.0,0.0,0.0,0.0,0.0,0.0
67.0,155.33333333333334,5.3,1.4666666666666666,6.633333333333334,0.0,0.0,0.0,0.0,0.0,0.0,0.0,0.0,0.0,0.0,0.0,0.0,0.0
48.06666666666667,200.86666666666667,5.466666666666667,1.8333333333333333,6.766666666666667,0.0,0.0,0.0,0.0,0.0,0.0,0.0,0.0,0.0,0.0,0.0,0.0,0.0
38.56666666666667,190.86666666666667,5.4,14.633333333333333,8.966666666666667,0.0,0.0,0.0,0.0,0.0,0.0,0.0,0.0,0.0,0.0,0.0,0.0,0.0
42.333333333333336,189.7,6.566666666666666,8.533333333333333,6.733333333333333,0.0,0.0,0.0,0.0,0.0,0.0,0.0,0.0,0.0,0.0,0.0,0.0,0.0
41.53333333333333,210.43333333333334,7.166666666666667,4.666666666666667,5.133333333333334,0.0,0.0,0.0,0.0,0.0,0.0,0.0,0.0,0.0,0.0,0.0,0.0,0.0
40.03333333333333,208.96666666666667,6.066666666666666,4.9,6.533333333333333,0.03333333333333333,0.0,0.0,0.0,0.0,0.0,0.0,0.0,0.0,0.0,0.0,0.0,0.0
39.06666666666667,215.96666666666667,7.5,11.2,10.766666666666667,0.0,0.0,0.0,0.0,0.0,0.0,0.0,0.0,0.0,0.0,0.0,0.0,0.0
36.833333333333336,177.46666666666667,9.066666666666666,20.0,20.133333333333333,0.23333333333333334,0.0,0.0,0.0,0.0,0.0,0.0,0.0,0.0,0.0,0.0,0.0,0.0
34.1,145.46666666666667,9.633333333333333,41.13333333333333,41.46666666666667,4.366666666666666,0.0,0.0,0.0,0.0,0.0,0.0,0.0,0.0,0.0,0.0,0.0,0.0
34.5,152.66666666666666,7.933333333333334,41.2,32.1,4.066666666666666,0.0,0.0,0.0,0.0,0.0,0.0,0.0,0.0,0.0,0.0,0.0,0.0
39.1,185.33333333333334,7.566666666666666,31.2,15.5,1.7666666666666666,0.0,0.0,0.0,0.0,0.0,0.0,0.0,0.0,0.0,0.0,0.0,0.0
36.333333333333336,175.43333333333334,6.633333333333334,29.166666666666668,20.166666666666668,1.4,0.0,0.0,0.0,0.0,0.0,0.0,0.0,0.0,0.0,0.0,0.0,0.0
40.666666666666664,175.06666666666666,7.1,26.2,21.766666666666666,1.6333333333333333,0.0,0.0,0.0,0.0,0.0,0.0,0.0,0.0,0.0,0.0,0.0,0.0
39.13333333333333,182.86666666666667,6.966666666666667,18.033333333333335,13.8,1.2,0.0,0.0,0.0,0.0,0.0,0.0,0.0,0.0,0.0,0.0,0.0,0.0
46.4,249.43333333333334,3.466666666666667,19.366666666666667,18.766666666666666,1.3,0.0,0.0,0.0,0.0,0.0,0.0,0.0,0.0,0.0,0.0,0.0,0.0
44.333333333333336,221.7,3.433333333333333,19.7,17.766666666666666,0.8333333333333334,0.0,0.0,0.0,0.0,0.0,0.0,0.0,0.0,0.0,0.0,0.0,0.0
50.93333333333333,252.06666666666666,4.6,19.9,22.5,1.2666666666666666,0.0,0.0,0.0,0.0,0.0,0.0,0.0,0.0,0.0,0.0,0.0,0.0
45.766666666666666,217.76666666666668,5.033333333333333,23.333333333333332,14.166666666666666,0.4666666666666667,0.0,0.0,0.0,0.0,0.0,0.0,0.0,0.0,0.0,0.0,0.0,0.0
44.93333333333333,228.8,3.1333333333333333,16.133333333333333,11.666666666666666,0.6333333333333333,0.0,0.0,0.0,0.0,0.0,0.0,0.0,0.0,0.0,0.0,0.0,0.0
40.46666666666667,223.86666666666667,4.733333333333333,12.366666666666667,8.666666666666666,0.1,0.0,0.0,0.0,0.0,0.0,0.0,0.0,0.0,0.0,0.0,0.0,0.0
